,mean,std
mse,0.6385948072980754,0.11812220003998077
rmse,0.795796134909797,0.07343844853174232
r2,0.3962339448290462,0.11622921148197289
mae,0.6110352405609003,0.06918290021204433
