,mean,std
mse,0.6704852137775829,0.139045873318032
rmse,0.8145396347088117,0.08443469404612407
r2,0.36519553837371793,0.1416979333289232
mae,0.634431710414859,0.08079085100182923
