,mean,std
mse,0.6524291390798208,0.11394525539526841
rmse,0.8048833500058349,0.06952418710670362
r2,0.38166836319946973,0.12285323127608416
mae,0.6212816921292963,0.0700199812711521
