,mean,std
mse,0.7164919311309412,0.12171568989013828
rmse,0.843577904540606,0.07158543002169619
r2,0.32335469931870836,0.11853351051227384
mae,0.6565726777047424,0.07240915711722251
