,mean,std
mse,0.5775276288697604,0.11189282643019713
rmse,0.7566711339331115,0.07237638421284916
r2,0.4510997195030789,0.12566612640492258
mae,0.5829607932791228,0.06950789990090181
