,mean,std
mse,0.6537371338644549,0.1245794187858026
rmse,0.8050933683225544,0.07651489120631698
r2,0.38134661983979623,0.12662671722175511
mae,0.6253105215933303,0.07422788013874325
