,mean,std
mse,0.6960137926695388,0.12533992854771053
rmse,0.8310460989320164,0.07522719356733104
r2,0.3425843049600143,0.12228490691632513
mae,0.6483387017214259,0.07464175201424524
