,Mean,Std
mse,0.6592399251229031,0.12661452073538063
rmse,0.8082543711468247,0.07762117698228667
r2,0.3760107413642136,0.12848431004543476
mae,0.6268928772855836,0.07529110162646133
