,Mean,Std
mse,0.6310404376124579,0.14401642924720584
rmse,0.789735453121703,0.0880092799838756
r2,0.4042347427872244,0.1382171889751522
mae,0.6019364664993604,0.07688949814852276
