,mean,std
mse,0.709823526270581,0.11451090862022462
rmse,0.8397843876502669,0.06828932861602739
r2,0.33294725698424116,0.0888684027123314
mae,0.6535199585365633,0.06603001896838438
