,mean,std
mse,0.5992564948050773,0.12031143743450166
rmse,0.7705513819683418,0.07483583763816393
r2,0.42848222621852283,0.14676165871142757
mae,0.5919469924391959,0.0728290057331485
